ticket_id,ticket_text,category,priority,created_date
TKT-472074,The product quality has really gone down,product,low,2022-03-27
TKT-568644,I want to dispute this charge,billing,medium,2022-09-28
TKT-147863,Where is my order? It's been 2 weeks,shipping,high,2023-01-01
TKT-722295,I want to update my email address,account,medium,2023-12-07
TKT-321436,My package never arrived!!!,shipping,low,2023-01-24
TKT-731242,HOW DO I SKIP NEXT MONTH'S BOX?,product,high,2023-01-16
TKT-643414,I want to dispute this charge!!!,billing,low,2022-04-10
TKT-667061,I RECEIVED THE WRONG ITEMS IN MY BOX,shipping,low,2023-06-07
TKT-858234,How do I reset my password?,account,low,2022-05-08
TKT-493765,I can't log into my account,account,low,2022-06-20
TKT-925527,I want to dispute this charge!!!,billing,high,2023-04-20
TKT-417128,When is my next billing date?,billing,medium,2023-01-12
TKT-192166,MY ACCOUNT SEEMS TO BE HACKED,account,low,2023-09-01
TKT-117090,Can I customize what I receive?!!!,product,low,2022-03-24
TKT-647962,The product quality has really gone down,product,low,2023-05-02
TKT-303404,My package never arrived,shipping,low,2022-02-28
TKT-767619,MY BOX WAS DAMAGED WHEN IT ARRIVED!!!,shipping,medium,2022-01-23
TKT-693930,WHY DID MY PRICE INCREASE? I DIDN'T AUTHORIZE THIS,billing,low,2022-09-09
TKT-732126,JUST WANTED TO SAY I LOVE YOUR SERVICE!,other,medium,2022-10-05
TKT-395435,WHERE IS MY ORDER? IT'S BEEN 2 WEEKS,shipping,low,2022-09-05
TKT-835084,Can I change my shipping address?,shipping,medium,2023-04-17
TKT-748850,The items don't match what was advertised,product,medium,2022-10-05
TKT-925239,THE TRACKING NUMBER DOESN'T WORK,shipping,high,2022-07-22
TKT-905759,My package never arrived,shipping,low,2022-06-08
TKT-501800,CAN I PAUSE MY SUBSCRIPTION?,account,medium,2022-12-29
TKT-262418,Can I customize what I receive?,product,high,2023-01-26
TKT-861728,"I'm allergic to something in the box, what ingredients are used?",product,low,2023-12-01
TKT-559282,My box was damaged when it arrived,shipping,high,2023-04-26
TKT-853348,How do I cancel my membership?,account,low,2022-10-31
TKT-879924,My account seems to be hacked,account,medium,2022-01-30
TKT-546107,I RECEIVED THE WRONG ITEMS IN MY BOX,shipping,low,2023-12-07
TKT-521991,Can I customize what I receive?,product,medium,2022-12-05
TKT-770886,When is my next billing date?,billing,low,2022-08-04
TKT-590187,URGENT: I WANT TO UPDATE MY EMAIL ADDRESS,account,low,2023-01-25
TKT-993973,"Please refund my last payment, I meant to cancel!!!",billing,medium,2022-05-22
TKT-234235,How do I skip next month's box?,product,medium,2022-11-19
TKT-230729,URGENT: Can I change my shipping address?,shipping,medium,2022-04-04
TKT-551335,I want to dispute this charge,billing,low,2023-10-27
TKT-988149,I want to dispute this charge!!!,billing,low,2023-11-19
TKT-412828,I forgot my username,account,low,2022-06-08
TKT-101158,Why did my price increase? I didn't authorize this!!!,billing,low,2022-07-30
TKT-979351,I can't log into my account,account,low,2022-05-07
TKT-806367,Why is shipping taking so long?!!!,shipping,medium,2022-03-16
TKT-966389,WHY DID MY PRICE INCREASE? I DIDN'T AUTHORIZE THIS,billing,medium,2022-12-11
TKT-742686,"Please refund my last payment, I meant to cancel",billing,low,2022-09-22
TKT-381886,My box was damaged when it arrived,shipping,high,2022-04-22
TKT-407358,My account seems to be hacked,account,low,2023-10-15
TKT-200102,Do you ship internationally?,other,low,2022-03-10
TKT-547750,I received the wrong items in my box,shipping,low,2022-04-27
TKT-374517,"Please refund my last payment, I meant to cancel",billing,high,2023-08-30
TKT-904404,When is my next billing date?,billing,medium,2022-01-28
TKT-911926,MY ACCOUNT SEEMS TO BE HACKED,account,medium,2023-10-18
TKT-228252,HOW DO I CANCEL MY MEMBERSHIP?,account,medium,2022-05-21
TKT-165968,URGENT: I want to update my email address!!!,account,medium,2022-01-29
TKT-992722,My box was damaged when it arrived,shipping,medium,2023-01-24
TKT-725905,Do you ship internationally?!!!,other,medium,2022-01-12
TKT-814126,WHY DID MY PRICE INCREASE? I DIDN'T AUTHORIZE THIS,billing,medium,2023-05-16
TKT-396540,MY PACKAGE NEVER ARRIVED,shipping,low,2022-04-15
TKT-963791,How do I cancel my membership?,account,low,2022-09-11
TKT-158518,The items don't match what was advertised,product,medium,2023-02-16
TKT-395706,The product quality has really gone down!!!,product,medium,2023-10-28
TKT-883337,Can I change my shipping address?,shipping,high,2023-08-21
TKT-762011,I can't log into my account,account,low,2022-07-28
TKT-113018,I was charged twice for my subscription this month,billing,medium,2022-02-24
TKT-371922,THE ITEMS DON'T MATCH WHAT WAS ADVERTISED,product,low,2022-02-03
TKT-770673,CAN I SWITCH TO A CHEAPER PLAN?!!!,billing,medium,2023-01-05
TKT-404469,I received the wrong items in my box,shipping,high,2022-05-12
TKT-353180,I want to update my email address,account,low,2022-06-30
TKT-749559,I want to dispute this charge,billing,low,2022-03-19
TKT-797634,URGENT: The tracking number doesn't work,shipping,medium,2023-11-23
TKT-802114,HOW DO I SKIP NEXT MONTH'S BOX?!!!,product,low,2022-11-13
TKT-825849,THE PRODUCT QUALITY HAS REALLY GONE DOWN!!!,product,medium,2022-09-29
TKT-270543,The product quality has really gone down,product,low,2022-06-17
TKT-692374,URGENT: CAN I SWITCH TO A CHEAPER PLAN?!!!,billing,low,2023-10-25
TKT-898772,Where is my order? It's been 2 weeks,shipping,high,2023-03-11
TKT-345773,I forgot my username!!!,account,low,2023-03-25
TKT-344506,The product quality has really gone down,product,low,2023-11-01
TKT-792898,My account seems to be hacked,account,low,2022-09-08
TKT-767221,THE PRODUCT QUALITY HAS REALLY GONE DOWN!!!,product,low,2023-01-10
TKT-372159,My account seems to be hacked!!!,account,medium,2022-07-24
TKT-947053,I can't log into my account,account,low,2023-07-28
TKT-349951,The tracking number doesn't work,shipping,low,2022-09-29
TKT-157409,My account seems to be hacked,account,low,2023-11-17
TKT-112382,I forgot my username,account,low,2022-05-20
TKT-234065,URGENT: How do I cancel my membership?,account,high,2022-11-20
TKT-152500,I want to update my email address,account,medium,2023-03-11
TKT-616361,I forgot my username,account,medium,2022-05-03
TKT-836064,THE PRODUCT QUALITY HAS REALLY GONE DOWN,product,medium,2022-05-07
TKT-488231,I KEEP GETTING DUPLICATES OF ITEMS I ALREADY HAVE,product,medium,2023-02-24
TKT-584825,Can I pause my subscription?!!!,account,low,2022-04-22
TKT-820975,Can I change my shipping address?!!!,shipping,high,2023-12-03
TKT-185454,"Please refund my last payment, I meant to cancel",billing,low,2022-11-17
TKT-565845,The product quality has really gone down,product,low,2023-11-16
TKT-551389,THERE'S AN UNKNOWN CHARGE ON MY ACCOUNT FROM STREAMCART,billing,low,2023-09-29
TKT-855209,MY PACKAGE NEVER ARRIVED,shipping,low,2023-08-08
TKT-105704,I CAN'T LOG INTO MY ACCOUNT!!!,account,low,2024-01-03
TKT-607538,I forgot my username,account,medium,2023-09-18
TKT-898635,I keep getting duplicates of items I already have!!!,product,low,2022-11-15
TKT-494934,There's an unknown charge on my account from StreamCart,billing,medium,2022-10-04
TKT-980595,THE TRACKING NUMBER DOESN'T WORK!!!,shipping,low,2022-05-26
TKT-785455,How do I reset my password?,account,high,2023-02-28
TKT-772300,"Please refund my last payment, I meant to cancel",billing,medium,2023-12-20
TKT-302923,Where is my order? It's been 2 weeks,shipping,low,2022-03-29
TKT-886769,"I'm allergic to something in the box, what ingredients are used?",product,medium,2023-07-01
TKT-742415,CAN I CHANGE MY SHIPPING ADDRESS?,shipping,high,2022-10-09
TKT-987556,URGENT: I want to dispute this charge!!!,billing,low,2022-12-04
TKT-220894,I want to dispute this charge!!!,billing,medium,2022-11-19
TKT-182348,MY PACKAGE NEVER ARRIVED!!!,shipping,medium,2022-08-03
TKT-194782,Where is my order? It's been 2 weeks,shipping,low,2023-03-26
TKT-400478,What's coming in next month's box?!!!,other,high,2022-11-21
TKT-922496,Why did my price increase? I didn't authorize this,billing,medium,2023-07-03
TKT-957766,Where is my order? It's been 2 weeks,shipping,low,2022-06-07
TKT-571991,My package never arrived,shipping,medium,2023-02-16
TKT-602103,WHY DID MY PRICE INCREASE? I DIDN'T AUTHORIZE THIS,billing,high,2023-06-27
TKT-288964,How do I cancel my membership?!!!,account,low,2022-05-11
TKT-611816,Can I switch to a cheaper plan?,billing,low,2024-01-08
TKT-666578,JUST WANTED TO SAY I LOVE YOUR SERVICE!,other,low,2023-10-19
TKT-679398,THE PRODUCT QUALITY HAS REALLY GONE DOWN,product,medium,2023-10-02
TKT-186910,DO YOU SHIP INTERNATIONALLY?,other,low,2023-01-13
TKT-491343,I keep getting duplicates of items I already have,product,medium,2022-03-03
TKT-422147,CAN I CHANGE MY SHIPPING ADDRESS?,shipping,medium,2023-07-01
TKT-569370,The tracking number doesn't work,shipping,low,2022-04-20
TKT-295476,How do I reset my password?,account,high,2022-10-04
TKT-885692,My account seems to be hacked,account,low,2023-09-19
TKT-985138,The tracking number doesn't work,shipping,low,2023-08-18
TKT-141508,HOW DO I CANCEL MY MEMBERSHIP?,account,low,2023-11-04
TKT-898352,HOW DO I RESET MY PASSWORD?,account,low,2022-11-15
TKT-539214,My account seems to be hacked,account,medium,2022-02-02
TKT-305030,The items don't match what was advertised,product,low,2022-07-07
TKT-815337,THE TRACKING NUMBER DOESN'T WORK!!!,shipping,high,2022-07-16
TKT-421185,I can't log into my account,account,medium,2022-05-17
TKT-315431,I want to update my email address,account,low,2022-07-19
TKT-694174,I WAS CHARGED TWICE FOR MY SUBSCRIPTION THIS MONTH,billing,medium,2022-12-22
TKT-314966,URGENT: I forgot my username!!!,account,medium,2023-07-23
TKT-609002,I can't log into my account,account,medium,2023-01-15
TKT-667242,Just wanted to say I love your service!!!!,other,low,2023-08-31
TKT-989171,Can I change my shipping address?,shipping,high,2022-08-24
TKT-624482,Can I customize what I receive?,product,low,2022-12-23
TKT-501609,How do I skip next month's box?!!!,product,medium,2023-06-08
TKT-602543,How do I skip next month's box?,product,medium,2022-02-27
TKT-885386,WHY IS SHIPPING TAKING SO LONG?,shipping,low,2023-12-12
TKT-486681,URGENT: Do you ship internationally?!!!,other,low,2022-07-31
TKT-989931,I want to dispute this charge,billing,low,2023-11-17
TKT-298460,WHEN IS MY NEXT BILLING DATE?,billing,medium,2023-10-06
TKT-198971,The tracking number doesn't work,shipping,medium,2022-12-08
TKT-231822,THE PRODUCT QUALITY HAS REALLY GONE DOWN,product,medium,2023-10-23
TKT-610703,Can I gift a subscription to someone?,other,low,2022-06-25
TKT-951926,The items don't match what was advertised,product,medium,2023-06-05
TKT-299222,"Please refund my last payment, I meant to cancel",billing,high,2023-06-15
TKT-876580,What's coming in next month's box?,other,medium,2022-01-31
TKT-430174,I CAN'T LOG INTO MY ACCOUNT,account,medium,2022-12-11
TKT-422891,"I'm allergic to something in the box, what ingredients are used?",product,medium,2022-01-29
TKT-236284,I can't log into my account!!!,account,low,2023-05-23
TKT-826237,Can I pause my subscription?,account,low,2022-11-20
TKT-747033,I keep getting duplicates of items I already have,product,low,2022-02-16
TKT-661215,"I'm allergic to something in the box, what ingredients are used?",product,low,2023-05-25
TKT-686913,MY ACCOUNT SEEMS TO BE HACKED,account,medium,2024-01-04
TKT-716412,URGENT: THE PRODUCT QUALITY HAS REALLY GONE DOWN,product,medium,2023-11-13
TKT-285031,Can I pause my subscription?,account,high,2023-06-05
TKT-670245,Can I gift a subscription to someone?,other,low,2022-04-01
TKT-824560,Do you ship internationally?,other,low,2023-08-23
TKT-210959,"Please refund my last payment, I meant to cancel",billing,low,2023-12-04
TKT-868161,Why did my price increase? I didn't authorize this,billing,low,2023-10-08
TKT-761641,I WAS CHARGED TWICE FOR MY SUBSCRIPTION THIS MONTH!!!,billing,medium,2023-04-07
TKT-304024,CAN I GIFT A SUBSCRIPTION TO SOMEONE?,other,medium,2022-08-05
TKT-473206,Where is my order? It's been 2 weeks,shipping,low,2023-01-05
TKT-156348,I can't log into my account!!!,account,medium,2022-09-23
TKT-866248,My box was damaged when it arrived,shipping,low,2022-10-29
TKT-108791,WHERE IS MY ORDER? IT'S BEEN 2 WEEKS,shipping,low,2022-05-15
TKT-949629,How do I skip next month's box?,product,low,2023-01-02
TKT-382903,I can't log into my account!!!,account,medium,2022-07-05
TKT-258630,The items don't match what was advertised,product,high,2022-10-15
TKT-988680,"Please refund my last payment, I meant to cancel",billing,medium,2023-12-22
TKT-165431,There's an unknown charge on my account from StreamCart,billing,low,2023-12-20
TKT-461278,I WANT TO UPDATE MY EMAIL ADDRESS,account,low,2023-04-30
TKT-843716,Do you have a referral program?,other,medium,2023-05-20
TKT-400138,I want to update my email address,account,high,2023-05-16
TKT-447134,I want to update my email address,account,medium,2023-05-10
TKT-973363,I received the wrong items in my box,shipping,medium,2022-09-17
TKT-694116,DO YOU SHIP INTERNATIONALLY?,other,high,2022-10-20
TKT-853855,When is my next billing date?,billing,low,2022-10-08
TKT-320307,URGENT: There's an unknown charge on my account from StreamCart,billing,medium,2023-08-03
TKT-427132,I received the wrong items in my box,shipping,low,2023-02-04
TKT-540449,URGENT: MY PACKAGE NEVER ARRIVED,shipping,medium,2022-09-28
TKT-380114,Can I pause my subscription?,account,low,2023-08-25
TKT-515197,I forgot my username,account,low,2022-09-09
TKT-186169,WHY DID MY PRICE INCREASE? I DIDN'T AUTHORIZE THIS,billing,medium,2022-02-04
TKT-153094,The tracking number doesn't work,shipping,low,2022-11-10
TKT-638395,Can I pause my subscription?,account,medium,2023-03-14
TKT-845106,The tracking number doesn't work,shipping,medium,2022-10-17
TKT-179643,THE ITEMS DON'T MATCH WHAT WAS ADVERTISED,product,low,2022-02-24
TKT-715792,Do you ship internationally?,other,low,2022-02-19
TKT-601490,How do I cancel my membership?,account,low,2023-03-22
TKT-838559,I RECEIVED THE WRONG ITEMS IN MY BOX,shipping,low,2022-01-09
TKT-139537,DO YOU HAVE A REFERRAL PROGRAM?,other,medium,2023-01-31
TKT-933372,CAN I CHANGE MY SHIPPING ADDRESS?,shipping,low,2023-08-05
TKT-893172,I KEEP GETTING DUPLICATES OF ITEMS I ALREADY HAVE,product,low,2023-06-29
TKT-861837,I want to dispute this charge!!!,billing,high,2023-06-08
TKT-352692,HOW DO I RESET MY PASSWORD?,account,low,2022-05-19
TKT-877224,I can't log into my account,account,low,2023-02-04
TKT-772091,The items don't match what was advertised,product,medium,2022-11-01
TKT-694544,CAN I SWITCH TO A CHEAPER PLAN?!!!,billing,low,2023-07-14
TKT-179085,MY ACCOUNT SEEMS TO BE HACKED,account,high,2023-03-21
TKT-400238,THE ITEMS DON'T MATCH WHAT WAS ADVERTISED,product,low,2022-05-09
TKT-500994,Can I customize what I receive?,product,medium,2023-11-19
TKT-962580,Can I customize what I receive?!!!,product,high,2023-04-14
TKT-668786,I want to update my email address!!!,account,low,2023-01-08
TKT-517308,Why did my price increase? I didn't authorize this!!!,billing,low,2023-01-09
TKT-125936,WHERE IS MY ORDER? IT'S BEEN 2 WEEKS,shipping,low,2022-08-01
TKT-413242,I want to update my email address,account,low,2023-05-24
TKT-736910,The tracking number doesn't work!!!,shipping,low,2023-04-19
TKT-202353,When is my next billing date?,billing,high,2023-08-31
TKT-624309,My package never arrived,shipping,low,2022-08-22
TKT-637444,Can I customize what I receive?!!!,product,low,2023-07-30
TKT-845779,I FORGOT MY USERNAME!!!,account,low,2022-12-27
TKT-442613,I was charged twice for my subscription this month,billing,low,2023-10-30
TKT-675401,I can't log into my account!!!,account,medium,2022-10-25
TKT-983071,I RECEIVED THE WRONG ITEMS IN MY BOX,shipping,medium,2023-10-31
TKT-461313,There's an unknown charge on my account from StreamCart,billing,medium,2023-01-24
TKT-629757,Where is my order? It's been 2 weeks,shipping,low,2022-01-22
TKT-528461,I keep getting duplicates of items I already have!!!,product,medium,2023-08-20
TKT-392645,Where is my order? It's been 2 weeks,shipping,low,2022-04-14
TKT-184684,I RECEIVED THE WRONG ITEMS IN MY BOX,shipping,low,2022-05-24
TKT-241992,Why is shipping taking so long?,shipping,medium,2022-05-05
TKT-709310,HOW DO I SKIP NEXT MONTH'S BOX?,product,high,2022-01-23
TKT-909842,How do I cancel my membership?!!!,account,medium,2022-09-18
TKT-352220,How do I cancel my membership?,account,medium,2022-01-25
TKT-719999,I WANT TO DISPUTE THIS CHARGE,billing,medium,2023-04-25
TKT-884815,There's an unknown charge on my account from StreamCart,billing,low,2022-06-10
TKT-750341,URGENT: When is my next billing date?,billing,high,2023-01-05
TKT-232385,URGENT: I WAS CHARGED TWICE FOR MY SUBSCRIPTION THIS MONTH,billing,medium,2022-09-17
TKT-996857,The items don't match what was advertised!!!,product,low,2022-12-29
TKT-473361,I forgot my username,account,high,2022-07-22
TKT-143854,"Please refund my last payment, I meant to cancel",billing,low,2023-09-10
TKT-953709,When is my next billing date?,billing,high,2023-03-22
TKT-788615,My account seems to be hacked,account,high,2022-02-14
TKT-623826,URGENT: Can I customize what I receive?!!!,product,medium,2022-04-05
TKT-859892,URGENT: The items don't match what was advertised,product,low,2023-03-21
TKT-810120,My account seems to be hacked,account,medium,2022-03-03
TKT-384248,How do I skip next month's box?,product,high,2023-08-11
TKT-164569,The tracking number doesn't work!!!,shipping,high,2023-09-22
TKT-695914,HOW DO I CANCEL MY MEMBERSHIP?,account,medium,2022-08-16
TKT-420700,What's coming in next month's box?!!!,other,medium,2022-05-25
TKT-152677,My package never arrived,shipping,medium,2023-10-10
TKT-857194,How do I cancel my membership?,account,low,2022-09-16
TKT-428320,THERE'S AN UNKNOWN CHARGE ON MY ACCOUNT FROM STREAMCART,billing,high,2023-04-25
TKT-216074,"URGENT: I'm allergic to something in the box, what ingredients are used?",product,medium,2022-02-01
TKT-411585,URGENT: There's an unknown charge on my account from StreamCart,billing,medium,2023-03-27
TKT-306903,I was charged twice for my subscription this month,billing,high,2023-08-01
TKT-320773,Can I switch to a cheaper plan?!!!,billing,medium,2022-05-27
TKT-816833,Can I switch to a cheaper plan?,billing,medium,2023-02-11
TKT-272179,I can't log into my account,account,high,2022-05-20
TKT-641443,My package never arrived,shipping,low,2023-01-05
TKT-699539,I keep getting duplicates of items I already have!!!,product,low,2023-11-16
TKT-812337,WHY DID MY PRICE INCREASE? I DIDN'T AUTHORIZE THIS,billing,medium,2022-04-17
TKT-166121,Just wanted to say I love your service!!!!,other,low,2023-12-25
TKT-664838,"I'M ALLERGIC TO SOMETHING IN THE BOX, WHAT INGREDIENTS ARE USED?",product,medium,2023-05-04
TKT-281535,Where is my order? It's been 2 weeks!!!,shipping,high,2022-10-31
TKT-355447,Can I gift a subscription to someone?!!!,other,medium,2022-07-26
TKT-177824,THE PRODUCT QUALITY HAS REALLY GONE DOWN,product,low,2022-05-08
TKT-400531,Can I switch to a cheaper plan?!!!,billing,low,2023-12-04
TKT-482574,WHY IS SHIPPING TAKING SO LONG?!!!,shipping,medium,2023-02-08
TKT-834826,THE PRODUCT QUALITY HAS REALLY GONE DOWN,product,low,2022-02-28
TKT-631025,The items don't match what was advertised,product,medium,2022-08-11
TKT-540795,"I'm allergic to something in the box, what ingredients are used?!!!",product,medium,2022-05-15
TKT-229743,I can't log into my account,account,low,2023-01-16
TKT-957361,"Please refund my last payment, I meant to cancel!!!",billing,low,2022-03-02
TKT-643574,I can't log into my account,account,low,2023-10-27
TKT-446345,"PLEASE REFUND MY LAST PAYMENT, I MEANT TO CANCEL",billing,medium,2022-08-25
TKT-480124,"PLEASE REFUND MY LAST PAYMENT, I MEANT TO CANCEL!!!",billing,medium,2023-11-28
TKT-789193,Can I switch to a cheaper plan?,billing,medium,2023-12-11
TKT-154287,What's coming in next month's box?,other,low,2023-08-22
TKT-677444,MY ACCOUNT SEEMS TO BE HACKED,account,medium,2022-11-01
TKT-963292,The tracking number doesn't work,shipping,medium,2022-09-10
TKT-291187,I can't log into my account!!!,account,low,2023-11-22
TKT-814682,I was charged twice for my subscription this month,billing,low,2023-10-12
TKT-859074,The tracking number doesn't work,shipping,high,2023-09-04
TKT-976517,WHY DID MY PRICE INCREASE? I DIDN'T AUTHORIZE THIS,billing,medium,2023-06-05
TKT-792720,HOW DO I CANCEL MY MEMBERSHIP?!!!,account,low,2023-06-28
TKT-641341,URGENT: What's coming in next month's box?,other,low,2022-09-22
TKT-629915,Can I change my shipping address?,shipping,high,2022-10-01
TKT-696727,THE TRACKING NUMBER DOESN'T WORK!!!,shipping,high,2022-06-08
TKT-785610,The tracking number doesn't work!!!,shipping,low,2023-04-16
TKT-102532,URGENT: Can I pause my subscription?,account,low,2023-07-25
TKT-807228,Why is shipping taking so long?,shipping,low,2023-08-10
TKT-405905,I keep getting duplicates of items I already have,product,medium,2023-01-02
TKT-159660,I want to update my email address!!!,account,low,2022-06-09
TKT-133780,When is my next billing date?,billing,medium,2023-12-04
TKT-650330,"I'M ALLERGIC TO SOMETHING IN THE BOX, WHAT INGREDIENTS ARE USED?",product,medium,2022-09-06
TKT-643020,THE PRODUCT QUALITY HAS REALLY GONE DOWN,product,medium,2023-03-14
TKT-102184,There's an unknown charge on my account from StreamCart,billing,low,2022-04-03
TKT-493451,I forgot my username!!!,account,high,2023-05-27
TKT-645509,CAN I CHANGE MY SHIPPING ADDRESS?!!!,shipping,low,2023-08-29
TKT-830125,I was charged twice for my subscription this month,billing,high,2022-09-28
TKT-110302,Do you have a referral program?,other,low,2023-08-07
TKT-427575,I KEEP GETTING DUPLICATES OF ITEMS I ALREADY HAVE,product,medium,2023-03-01
TKT-738307,"I'M ALLERGIC TO SOMETHING IN THE BOX, WHAT INGREDIENTS ARE USED?!!!",product,low,2024-01-14
TKT-361635,The product quality has really gone down!!!,product,low,2022-09-26
TKT-177587,I forgot my username!!!,account,low,2022-12-11
TKT-314745,WHY DID MY PRICE INCREASE? I DIDN'T AUTHORIZE THIS,billing,high,2022-11-10
TKT-654005,I was charged twice for my subscription this month,billing,low,2023-09-12
TKT-690769,Why is shipping taking so long?,shipping,low,2023-12-17
TKT-293338,I WANT TO DISPUTE THIS CHARGE,billing,low,2022-12-29
TKT-895267,HOW DO I SKIP NEXT MONTH'S BOX?,product,low,2023-12-30
TKT-752532,Why is shipping taking so long?,shipping,low,2023-10-01
TKT-579450,MY ACCOUNT SEEMS TO BE HACKED,account,low,2022-12-29
TKT-871631,URGENT: I want to dispute this charge!!!,billing,medium,2023-04-13
TKT-723811,THE ITEMS DON'T MATCH WHAT WAS ADVERTISED,product,low,2023-06-04
TKT-876870,THE TRACKING NUMBER DOESN'T WORK!!!,shipping,low,2022-04-29
TKT-224197,URGENT: DO YOU HAVE A REFERRAL PROGRAM?!!!,other,high,2022-06-27
TKT-587485,Just wanted to say I love your service!,other,medium,2023-04-05
TKT-777076,Can I customize what I receive?!!!,product,medium,2024-01-13
TKT-731947,WHY DID MY PRICE INCREASE? I DIDN'T AUTHORIZE THIS,billing,low,2022-07-17
TKT-646989,"Please refund my last payment, I meant to cancel",billing,medium,2024-01-14
TKT-445032,MY ACCOUNT SEEMS TO BE HACKED,account,low,2022-04-22
TKT-223660,What's coming in next month's box?!!!,other,medium,2023-05-20
TKT-243972,I received the wrong items in my box!!!,shipping,low,2023-12-28
TKT-656892,How do I reset my password?,account,medium,2022-10-22
TKT-853651,Can I switch to a cheaper plan?,billing,low,2023-11-29
TKT-944599,CAN I PAUSE MY SUBSCRIPTION?,account,low,2023-11-06
TKT-105510,When is my next billing date?,billing,low,2022-05-28
TKT-683205,"I'M ALLERGIC TO SOMETHING IN THE BOX, WHAT INGREDIENTS ARE USED?",product,low,2023-03-26
TKT-834188,DO YOU SHIP INTERNATIONALLY?!!!,other,medium,2022-04-20
TKT-648957,THE PRODUCT QUALITY HAS REALLY GONE DOWN,product,medium,2023-06-26
TKT-287364,DO YOU HAVE A REFERRAL PROGRAM?,other,low,2022-08-23
TKT-615477,THE TRACKING NUMBER DOESN'T WORK,shipping,high,2022-05-16
TKT-323557,MY ACCOUNT SEEMS TO BE HACKED,account,low,2022-05-29
TKT-310765,My package never arrived,shipping,high,2023-12-01
TKT-267895,I want to update my email address,account,low,2022-10-14
TKT-914100,I want to update my email address!!!,account,medium,2022-01-25
TKT-560597,I WANT TO DISPUTE THIS CHARGE,billing,high,2022-06-15
TKT-361979,I want to update my email address,account,low,2022-08-07
TKT-357878,There's an unknown charge on my account from StreamCart,billing,low,2023-09-07
TKT-577271,The items don't match what was advertised,product,high,2022-08-02
TKT-465589,URGENT: Can I switch to a cheaper plan?,billing,high,2023-02-08
TKT-884621,DO YOU SHIP INTERNATIONALLY?,other,low,2023-11-13
TKT-262559,How do I cancel my membership?,account,low,2022-05-13
TKT-321687,When is my next billing date?!!!,billing,medium,2023-05-03
TKT-799665,Can I customize what I receive?,product,low,2023-02-01
TKT-950162,THE PRODUCT QUALITY HAS REALLY GONE DOWN,product,low,2022-04-15
TKT-237664,How do I skip next month's box?,product,medium,2023-04-18
TKT-978681,My account seems to be hacked,account,medium,2023-02-23
TKT-258695,My account seems to be hacked!!!,account,low,2022-10-05
TKT-335967,"Please refund my last payment, I meant to cancel",billing,low,2023-12-29
TKT-935203,Can I pause my subscription?,account,medium,2022-02-01
TKT-574674,I forgot my username,account,low,2023-11-14
TKT-343293,THE TRACKING NUMBER DOESN'T WORK!!!,shipping,low,2022-10-11
TKT-216968,MY BOX WAS DAMAGED WHEN IT ARRIVED!!!,shipping,low,2022-02-11
TKT-849729,I received the wrong items in my box,shipping,medium,2022-10-12
TKT-291518,My box was damaged when it arrived,shipping,medium,2023-02-03
TKT-334450,I WANT TO UPDATE MY EMAIL ADDRESS,account,high,2022-12-11
TKT-641598,My account seems to be hacked!!!,account,high,2023-11-11
TKT-987162,CAN I CHANGE MY SHIPPING ADDRESS?,shipping,medium,2023-01-11
TKT-545277,My box was damaged when it arrived,shipping,low,2022-04-12
TKT-631675,The tracking number doesn't work!!!,shipping,medium,2022-03-24
TKT-317542,My box was damaged when it arrived,shipping,medium,2022-06-17
TKT-155552,WHEN IS MY NEXT BILLING DATE?!!!,billing,high,2023-07-20
TKT-234778,URGENT: I WANT TO DISPUTE THIS CHARGE,billing,medium,2023-01-22
TKT-820030,I FORGOT MY USERNAME,account,medium,2022-08-25
TKT-774511,The product quality has really gone down,product,low,2023-06-01
TKT-375101,URGENT: CAN I SWITCH TO A CHEAPER PLAN?,billing,low,2022-03-23
TKT-426028,How do I cancel my membership?,account,medium,2022-05-06
TKT-297511,I received the wrong items in my box,shipping,high,2022-01-17
TKT-485891,URGENT: WHERE IS MY ORDER? IT'S BEEN 2 WEEKS,shipping,low,2022-12-25
TKT-744706,The tracking number doesn't work,shipping,medium,2022-01-07
TKT-323780,There's an unknown charge on my account from StreamCart,billing,low,2022-05-20
TKT-198594,CAN I CHANGE MY SHIPPING ADDRESS?,shipping,medium,2023-12-26
TKT-129485,Can I pause my subscription?!!!,account,low,2022-05-15
TKT-105403,Just wanted to say I love your service!,other,low,2023-06-29
TKT-309217,CAN I PAUSE MY SUBSCRIPTION?,account,high,2024-01-06
TKT-655821,My package never arrived!!!,shipping,low,2023-09-10
TKT-228619,I RECEIVED THE WRONG ITEMS IN MY BOX!!!,shipping,medium,2022-06-15
TKT-929425,WHERE IS MY ORDER? IT'S BEEN 2 WEEKS,shipping,medium,2022-02-08
TKT-338250,URGENT: I WANT TO DISPUTE THIS CHARGE,billing,low,2023-05-04
TKT-453202,CAN I GIFT A SUBSCRIPTION TO SOMEONE?,other,low,2023-10-28
TKT-635797,I WANT TO UPDATE MY EMAIL ADDRESS,account,medium,2022-10-26
TKT-974249,I can't log into my account,account,medium,2023-11-27
TKT-514486,Can I pause my subscription?,account,medium,2023-10-14
TKT-665279,Can I customize what I receive?,product,low,2022-12-13
TKT-762582,"Please refund my last payment, I meant to cancel",billing,low,2023-08-25
TKT-267763,DO YOU HAVE A REFERRAL PROGRAM?!!!,other,medium,2023-01-01
TKT-189400,DO YOU SHIP INTERNATIONALLY?,other,medium,2022-06-23
TKT-739456,"PLEASE REFUND MY LAST PAYMENT, I MEANT TO CANCEL",billing,low,2023-06-23
TKT-323119,The items don't match what was advertised,product,low,2024-01-06
TKT-686428,THE PRODUCT QUALITY HAS REALLY GONE DOWN,product,medium,2022-05-19
TKT-290788,Where is my order? It's been 2 weeks,shipping,high,2023-03-29
TKT-867533,How do I skip next month's box?,product,medium,2023-03-07
TKT-830957,WHEN IS MY NEXT BILLING DATE?,billing,medium,2023-05-18
TKT-611483,The items don't match what was advertised,product,low,2023-05-09
TKT-980213,What's coming in next month's box?!!!,other,medium,2022-10-07
TKT-571508,URGENT: I want to dispute this charge!!!,billing,low,2022-07-06
TKT-900721,Can I change my shipping address?,shipping,medium,2022-07-31
TKT-825579,When is my next billing date?,billing,medium,2023-10-02
TKT-242210,THE TRACKING NUMBER DOESN'T WORK,shipping,low,2022-08-04
TKT-414005,I want to dispute this charge,billing,high,2022-11-22
TKT-423831,CAN I PAUSE MY SUBSCRIPTION?!!!,account,low,2023-12-17
TKT-336429,Just wanted to say I love your service!,other,medium,2022-09-29
TKT-693531,HOW DO I CANCEL MY MEMBERSHIP?,account,low,2022-08-11
TKT-464178,I received the wrong items in my box,shipping,high,2022-08-23
TKT-406797,URGENT: WHY DID MY PRICE INCREASE? I DIDN'T AUTHORIZE THIS,billing,medium,2023-10-17
TKT-363524,I want to update my email address,account,high,2023-04-13
TKT-106335,How do I reset my password?,account,medium,2022-07-18
TKT-547894,I keep getting duplicates of items I already have,product,high,2022-05-17
TKT-102153,I can't log into my account,account,low,2024-01-03
TKT-678056,I received the wrong items in my box,shipping,low,2023-03-28
TKT-305825,Can I change my shipping address?,shipping,high,2023-06-17
TKT-443192,I forgot my username!!!,account,high,2022-08-10
TKT-415616,Can I pause my subscription?,account,low,2023-09-15
TKT-668403,I CAN'T LOG INTO MY ACCOUNT,account,medium,2023-03-05
TKT-660679,THERE'S AN UNKNOWN CHARGE ON MY ACCOUNT FROM STREAMCART,billing,medium,2023-08-16
TKT-592451,There's an unknown charge on my account from StreamCart!!!,billing,medium,2022-07-11
TKT-535050,Why did my price increase? I didn't authorize this,billing,low,2022-03-23
TKT-138286,MY BOX WAS DAMAGED WHEN IT ARRIVED,shipping,medium,2022-12-19
TKT-563482,Why did my price increase? I didn't authorize this,billing,low,2022-05-03
TKT-864884,How do I reset my password?!!!,account,medium,2022-02-12
TKT-916248,The items don't match what was advertised!!!,product,low,2022-01-13
TKT-308506,Where is my order? It's been 2 weeks,shipping,medium,2022-05-22
TKT-533018,I received the wrong items in my box,shipping,low,2023-01-24
TKT-977280,My box was damaged when it arrived,shipping,high,2022-01-02
TKT-287020,I WANT TO DISPUTE THIS CHARGE,billing,low,2023-05-17
TKT-730642,URGENT: Why is shipping taking so long?,shipping,low,2023-03-28
TKT-219450,When is my next billing date?!!!,billing,medium,2022-06-19
TKT-802184,How do I skip next month's box?,product,low,2022-03-11
TKT-418624,Do you have a referral program?,other,medium,2022-09-21
TKT-611797,"Please refund my last payment, I meant to cancel!!!",billing,medium,2022-07-18
TKT-746367,WHY IS SHIPPING TAKING SO LONG?,shipping,low,2023-10-06
TKT-347129,URGENT: Can I switch to a cheaper plan?,billing,medium,2023-10-04
TKT-958245,I can't log into my account!!!,account,low,2022-09-15
TKT-787031,Just wanted to say I love your service!,other,low,2023-12-15
TKT-153120,I received the wrong items in my box,shipping,medium,2023-06-19
TKT-186684,CAN I CUSTOMIZE WHAT I RECEIVE?,product,medium,2023-01-30
TKT-731792,The product quality has really gone down!!!,product,medium,2023-08-06
TKT-452920,When is my next billing date?,billing,high,2023-11-14
TKT-196819,I received the wrong items in my box!!!,shipping,low,2023-01-27
TKT-405544,WHAT'S COMING IN NEXT MONTH'S BOX?,other,low,2022-12-18
TKT-314657,I can't log into my account,account,medium,2022-08-10
TKT-558256,When is my next billing date?,billing,low,2023-05-24
TKT-136463,I can't log into my account,account,low,2022-03-11
TKT-735483,"Please refund my last payment, I meant to cancel!!!",billing,medium,2023-01-05
TKT-364826,I CAN'T LOG INTO MY ACCOUNT,account,low,2023-01-01
TKT-907919,When is my next billing date?,billing,low,2023-05-03
TKT-578803,The tracking number doesn't work,shipping,medium,2022-09-12
TKT-777248,URGENT: How do I reset my password?,account,medium,2022-04-25
TKT-189844,"I'm allergic to something in the box, what ingredients are used?",product,low,2022-01-27
TKT-149559,When is my next billing date?,billing,low,2022-12-31
TKT-879577,Where is my order? It's been 2 weeks,shipping,low,2022-07-05
TKT-269863,Can I change my shipping address?,shipping,medium,2022-01-05
TKT-240330,THE ITEMS DON'T MATCH WHAT WAS ADVERTISED,product,low,2023-07-28
TKT-425885,When is my next billing date?,billing,low,2023-08-05
TKT-464209,Can I gift a subscription to someone?,other,medium,2023-07-27
TKT-364889,I want to update my email address,account,low,2022-07-19
TKT-715818,My package never arrived,shipping,low,2022-03-09
TKT-904398,URGENT: Can I pause my subscription?,account,medium,2023-07-24
TKT-428455,I want to update my email address!!!,account,medium,2023-04-10
TKT-663956,The tracking number doesn't work!!!,shipping,high,2022-08-16
TKT-228326,Can I change my shipping address?,shipping,low,2022-02-01
TKT-672388,I KEEP GETTING DUPLICATES OF ITEMS I ALREADY HAVE,product,medium,2023-11-13
TKT-772220,WHERE IS MY ORDER? IT'S BEEN 2 WEEKS!!!,shipping,medium,2023-08-05
TKT-698823,Can I customize what I receive?,product,medium,2023-01-06
TKT-935827,URGENT: HOW DO I RESET MY PASSWORD?,account,high,2022-02-22
TKT-306594,CAN I GIFT A SUBSCRIPTION TO SOMEONE?,other,low,2023-05-03
TKT-384284,Do you ship internationally?!!!,other,low,2023-09-30
TKT-519963,Where is my order? It's been 2 weeks,shipping,medium,2022-08-03
TKT-565106,THE TRACKING NUMBER DOESN'T WORK,shipping,high,2022-08-27
TKT-510265,MY ACCOUNT SEEMS TO BE HACKED,account,medium,2023-04-24
TKT-253636,I keep getting duplicates of items I already have,product,low,2023-04-06
TKT-466821,Can I gift a subscription to someone?!!!,other,medium,2022-08-22
TKT-808565,Can I switch to a cheaper plan?,billing,low,2022-04-18
TKT-457567,URGENT: CAN I PAUSE MY SUBSCRIPTION?,account,high,2022-05-14
TKT-390443,Can I change my shipping address?,shipping,high,2023-09-19
TKT-283590,I received the wrong items in my box,shipping,low,2023-05-03
TKT-390484,URGENT: Can I customize what I receive?,product,medium,2022-07-17
TKT-541365,I forgot my username,account,low,2022-10-09
TKT-464850,I FORGOT MY USERNAME,account,medium,2022-03-29
TKT-652285,I keep getting duplicates of items I already have!!!,product,high,2022-11-15
TKT-965289,URGENT: Can I pause my subscription?,account,medium,2023-06-14
TKT-827950,"I'M ALLERGIC TO SOMETHING IN THE BOX, WHAT INGREDIENTS ARE USED?",product,medium,2022-12-15
TKT-551907,Can I switch to a cheaper plan?,billing,low,2022-02-22
TKT-414463,URGENT: My package never arrived,shipping,medium,2022-06-13
TKT-452628,How do I cancel my membership?,account,medium,2023-12-02
TKT-820459,URGENT: The items don't match what was advertised,product,low,2023-12-08
TKT-113170,"PLEASE REFUND MY LAST PAYMENT, I MEANT TO CANCEL",billing,medium,2023-04-10
TKT-928136,URGENT: I keep getting duplicates of items I already have!!!,product,low,2023-11-17
TKT-431642,There's an unknown charge on my account from StreamCart,billing,medium,2023-01-18
TKT-952997,My account seems to be hacked,account,low,2023-09-14
TKT-470272,Why did my price increase? I didn't authorize this,billing,high,2023-10-17
TKT-138188,URGENT: What's coming in next month's box?,other,medium,2023-12-15
TKT-926572,How do I skip next month's box?!!!,product,low,2022-01-28
TKT-319219,I received the wrong items in my box,shipping,medium,2023-06-23
TKT-288989,Do you have a referral program?,other,high,2022-06-02
TKT-710023,My package never arrived,shipping,low,2023-02-26
TKT-632370,I was charged twice for my subscription this month!!!,billing,low,2023-07-12
TKT-470337,CAN I CUSTOMIZE WHAT I RECEIVE?,product,low,2024-01-04
TKT-255389,When is my next billing date?,billing,low,2022-01-19
TKT-529948,THE ITEMS DON'T MATCH WHAT WAS ADVERTISED,product,low,2022-01-01
TKT-706562,The items don't match what was advertised,product,low,2023-09-15
TKT-159910,URGENT: The product quality has really gone down,product,medium,2022-03-02
TKT-801031,How do I reset my password?,account,low,2023-04-29
TKT-743261,Why did my price increase? I didn't authorize this,billing,medium,2022-06-04
TKT-536574,Can I pause my subscription?,account,medium,2022-06-26
TKT-541666,I received the wrong items in my box,shipping,low,2022-01-29
TKT-855900,"Please refund my last payment, I meant to cancel",billing,medium,2023-07-29
TKT-491009,I CAN'T LOG INTO MY ACCOUNT,account,low,2023-11-02
TKT-653828,I was charged twice for my subscription this month,billing,low,2023-10-06
TKT-214568,I WAS CHARGED TWICE FOR MY SUBSCRIPTION THIS MONTH,billing,medium,2023-05-05
TKT-887088,"PLEASE REFUND MY LAST PAYMENT, I MEANT TO CANCEL",billing,low,2022-03-29
TKT-202100,MY BOX WAS DAMAGED WHEN IT ARRIVED!!!,shipping,low,2022-06-10
TKT-659067,Can I switch to a cheaper plan?,billing,low,2022-05-05
TKT-311279,My package never arrived,shipping,high,2023-06-19
TKT-129009,"I'm allergic to something in the box, what ingredients are used?",product,medium,2023-08-22
TKT-222468,Can I customize what I receive?,product,low,2022-10-13
TKT-142823,MY ACCOUNT SEEMS TO BE HACKED,account,high,2022-12-22
TKT-556463,"I'm allergic to something in the box, what ingredients are used?",product,low,2022-07-04
TKT-240493,There's an unknown charge on my account from StreamCart,billing,high,2022-09-09
TKT-258387,"Please refund my last payment, I meant to cancel",billing,medium,2023-09-03
TKT-518035,I received the wrong items in my box,shipping,medium,2023-10-21
TKT-728730,Do you have a referral program?!!!,other,low,2023-12-18
TKT-744926,How do I skip next month's box?,product,low,2022-11-28
TKT-879773,I WAS CHARGED TWICE FOR MY SUBSCRIPTION THIS MONTH,billing,medium,2023-08-07
TKT-816712,How do I skip next month's box?,product,high,2023-02-28
TKT-597000,I can't log into my account,account,low,2022-02-08
TKT-319229,My account seems to be hacked!!!,account,low,2022-05-15
TKT-249939,The items don't match what was advertised!!!,product,low,2022-08-29
TKT-920796,Can I gift a subscription to someone?,other,low,2022-08-03
TKT-850532,Can I change my shipping address?!!!,shipping,medium,2022-03-19
TKT-983163,How do I skip next month's box?,product,low,2022-12-02
TKT-378343,Why is shipping taking so long?,shipping,low,2023-09-28
TKT-773707,MY ACCOUNT SEEMS TO BE HACKED,account,medium,2023-10-01
TKT-346952,My box was damaged when it arrived,shipping,high,2023-06-13
TKT-648982,My box was damaged when it arrived,shipping,low,2024-01-09
TKT-540226,When is my next billing date?,billing,low,2023-04-21
TKT-687144,I RECEIVED THE WRONG ITEMS IN MY BOX,shipping,low,2022-12-26
TKT-576100,I keep getting duplicates of items I already have,product,medium,2022-04-28
TKT-624105,There's an unknown charge on my account from StreamCart,billing,high,2023-04-17
TKT-861447,"Please refund my last payment, I meant to cancel!!!",billing,high,2023-01-05
TKT-634464,I CAN'T LOG INTO MY ACCOUNT,account,high,2023-04-02
TKT-894928,THE PRODUCT QUALITY HAS REALLY GONE DOWN,product,low,2023-09-28
TKT-667942,I want to update my email address,account,low,2022-01-31
TKT-443679,My account seems to be hacked,account,medium,2022-07-22
TKT-629511,"I'm allergic to something in the box, what ingredients are used?",product,low,2022-06-21
TKT-346104,I want to update my email address!!!,account,medium,2022-07-21
TKT-441702,There's an unknown charge on my account from StreamCart,billing,low,2022-01-15
TKT-626462,WHY IS SHIPPING TAKING SO LONG?,shipping,medium,2023-07-19
TKT-388980,DO YOU SHIP INTERNATIONALLY?,other,low,2023-06-23
TKT-924871,My account seems to be hacked,account,low,2023-07-06
TKT-787150,Where is my order? It's been 2 weeks,shipping,low,2022-02-28
TKT-447942,Can I customize what I receive?,product,medium,2023-03-21
TKT-695405,My box was damaged when it arrived,shipping,low,2022-01-04
TKT-774874,When is my next billing date?,billing,medium,2023-09-12
TKT-713047,URGENT: Do you have a referral program?,other,high,2022-10-17
TKT-564691,I want to dispute this charge,billing,medium,2022-03-10
TKT-716998,I FORGOT MY USERNAME,account,low,2023-04-22
TKT-591875,I WANT TO UPDATE MY EMAIL ADDRESS,account,low,2022-12-11
TKT-528227,I WAS CHARGED TWICE FOR MY SUBSCRIPTION THIS MONTH,billing,medium,2022-01-13
TKT-337317,How do I cancel my membership?,account,low,2022-06-23
TKT-718602,URGENT: When is my next billing date?,billing,low,2022-10-14
TKT-875130,I WAS CHARGED TWICE FOR MY SUBSCRIPTION THIS MONTH,billing,high,2022-05-05
TKT-596153,When is my next billing date?,billing,medium,2022-08-15
TKT-873042,WHY DID MY PRICE INCREASE? I DIDN'T AUTHORIZE THIS,billing,low,2022-01-25
TKT-574776,I can't log into my account!!!,account,low,2022-02-18
TKT-893978,How do I reset my password?,account,low,2023-03-31
TKT-942596,The items don't match what was advertised,product,low,2023-06-10
TKT-242389,CAN I CHANGE MY SHIPPING ADDRESS?!!!,shipping,low,2023-10-03
TKT-282212,"I'm allergic to something in the box, what ingredients are used?",product,low,2023-07-14
TKT-913893,I received the wrong items in my box,shipping,medium,2023-03-10
TKT-817201,Do you ship internationally?,other,low,2023-05-21
TKT-390617,WHY IS SHIPPING TAKING SO LONG?!!!,shipping,low,2023-10-28
TKT-966621,Why did my price increase? I didn't authorize this,billing,medium,2022-12-24
TKT-252388,Can I pause my subscription?!!!,account,low,2023-06-13
TKT-447575,WHEN IS MY NEXT BILLING DATE?,billing,low,2023-12-19
TKT-114460,Just wanted to say I love your service!,other,low,2023-05-12
TKT-758540,DO YOU HAVE A REFERRAL PROGRAM?,other,low,2022-11-29
TKT-985033,I keep getting duplicates of items I already have,product,low,2022-12-15
TKT-225764,Can I pause my subscription?,account,medium,2023-12-01
TKT-561869,THE TRACKING NUMBER DOESN'T WORK,shipping,low,2023-07-09
TKT-272435,URGENT: The product quality has really gone down,product,medium,2022-12-13
TKT-795845,I want to update my email address,account,medium,2022-01-06
TKT-487811,I WAS CHARGED TWICE FOR MY SUBSCRIPTION THIS MONTH,billing,low,2023-08-25
TKT-366754,I was charged twice for my subscription this month,billing,high,2022-12-13
TKT-137482,There's an unknown charge on my account from StreamCart,billing,medium,2023-08-12
TKT-650691,I received the wrong items in my box,shipping,low,2022-04-10
TKT-852525,My package never arrived!!!,shipping,low,2022-11-07
TKT-757484,Why did my price increase? I didn't authorize this,billing,medium,2022-12-10
TKT-274694,MY PACKAGE NEVER ARRIVED!!!,shipping,high,2022-02-14
TKT-817002,THE PRODUCT QUALITY HAS REALLY GONE DOWN,product,medium,2022-10-31
TKT-117075,URGENT: THE TRACKING NUMBER DOESN'T WORK!!!,shipping,high,2023-09-26
TKT-891671,CAN I GIFT A SUBSCRIPTION TO SOMEONE?,other,low,2023-03-25
TKT-185974,I RECEIVED THE WRONG ITEMS IN MY BOX,shipping,low,2022-06-30
TKT-837745,I RECEIVED THE WRONG ITEMS IN MY BOX,shipping,high,2022-09-12
TKT-820035,Why is shipping taking so long?!!!,shipping,low,2023-02-05
TKT-858115,I want to update my email address,account,high,2023-02-27
TKT-789345,Can I customize what I receive?,product,medium,2023-09-29
TKT-489369,URGENT: My account seems to be hacked,account,high,2022-10-26
TKT-158146,MY ACCOUNT SEEMS TO BE HACKED,account,low,2023-11-25
TKT-743479,How do I skip next month's box?,product,low,2023-02-07
TKT-349307,CAN I GIFT A SUBSCRIPTION TO SOMEONE?,other,low,2022-05-12
TKT-250649,I keep getting duplicates of items I already have,product,medium,2023-04-02
TKT-160433,How do I cancel my membership?,account,high,2022-07-02
TKT-605385,The tracking number doesn't work!!!,shipping,medium,2023-05-29
TKT-369816,What's coming in next month's box?,other,medium,2023-03-16
TKT-311633,I want to update my email address,account,medium,2022-12-14
TKT-966650,How do I skip next month's box?,product,low,2022-04-17
TKT-667079,URGENT: How do I cancel my membership?,account,low,2023-07-08
TKT-475158,I WANT TO DISPUTE THIS CHARGE,billing,low,2022-05-08
TKT-565108,I forgot my username,account,high,2022-10-22
TKT-921761,When is my next billing date?,billing,high,2023-12-08
TKT-134342,"Please refund my last payment, I meant to cancel",billing,medium,2022-05-18
TKT-765871,URGENT: How do I reset my password?,account,medium,2022-02-10
TKT-900246,URGENT: THE TRACKING NUMBER DOESN'T WORK,shipping,high,2022-11-12
TKT-754986,URGENT: HOW DO I SKIP NEXT MONTH'S BOX?,product,medium,2022-08-20
TKT-245441,The product quality has really gone down!!!,product,low,2023-10-29
TKT-475105,I want to update my email address,account,medium,2023-07-21
TKT-808974,"Please refund my last payment, I meant to cancel",billing,medium,2022-10-04
TKT-260762,URGENT: I forgot my username,account,medium,2023-11-10
TKT-681469,Can I change my shipping address?!!!,shipping,medium,2022-11-28
TKT-594242,CAN I PAUSE MY SUBSCRIPTION?,account,low,2022-02-17
TKT-106321,CAN I PAUSE MY SUBSCRIPTION?,account,low,2023-11-30
TKT-969151,URGENT: I want to update my email address,account,medium,2023-12-07
TKT-638012,How do I reset my password?,account,low,2022-09-23
TKT-758668,I want to update my email address,account,low,2023-02-15
TKT-203301,My account seems to be hacked,account,high,2022-05-30
TKT-242935,I KEEP GETTING DUPLICATES OF ITEMS I ALREADY HAVE!!!,product,medium,2022-04-19
TKT-681200,URGENT: Why did my price increase? I didn't authorize this,billing,low,2023-05-14
TKT-143065,The items don't match what was advertised!!!,product,low,2023-01-31
TKT-595082,My account seems to be hacked,account,low,2022-09-25
TKT-612506,DO YOU SHIP INTERNATIONALLY?,other,low,2023-11-10
TKT-777523,Why is shipping taking so long?,shipping,medium,2022-07-18
TKT-680820,The product quality has really gone down,product,low,2022-10-30
TKT-263063,WHY DID MY PRICE INCREASE? I DIDN'T AUTHORIZE THIS,billing,low,2023-09-12
TKT-489077,I FORGOT MY USERNAME,account,medium,2022-07-26
TKT-230021,URGENT: WHY IS SHIPPING TAKING SO LONG?,shipping,medium,2023-08-11
TKT-345247,CAN I CUSTOMIZE WHAT I RECEIVE?,product,high,2022-10-21
TKT-271805,How do I reset my password?!!!,account,low,2022-04-20
TKT-832782,How do I skip next month's box?,product,low,2023-03-12
TKT-231111,URGENT: Why is shipping taking so long?,shipping,high,2024-01-03
TKT-707974,URGENT: The items don't match what was advertised,product,medium,2023-01-22
TKT-856697,I can't log into my account,account,medium,2023-04-05
TKT-530553,THE PRODUCT QUALITY HAS REALLY GONE DOWN,product,medium,2022-09-20
TKT-487111,"Please refund my last payment, I meant to cancel",billing,low,2022-02-04
TKT-913618,URGENT: WHAT'S COMING IN NEXT MONTH'S BOX?,other,medium,2023-03-29
TKT-753334,Can I customize what I receive?,product,high,2023-07-24
TKT-138413,Do you ship internationally?,other,medium,2023-11-27
TKT-326494,The items don't match what was advertised,product,low,2023-07-28
TKT-314287,I was charged twice for my subscription this month!!!,billing,medium,2023-11-20
TKT-783352,Can I pause my subscription?,account,medium,2023-12-13
TKT-483208,I can't log into my account,account,low,2023-03-06
TKT-207408,I WANT TO DISPUTE THIS CHARGE,billing,medium,2023-08-01
TKT-130788,THE TRACKING NUMBER DOESN'T WORK!!!,shipping,medium,2023-06-08
TKT-409897,URGENT: I CAN'T LOG INTO MY ACCOUNT,account,medium,2023-12-15
TKT-352263,I want to dispute this charge,billing,low,2023-01-04
TKT-321925,WHAT'S COMING IN NEXT MONTH'S BOX?,other,medium,2023-06-30
TKT-206114,My account seems to be hacked,account,low,2022-11-19
TKT-525250,Do you have a referral program?,other,medium,2023-04-03
TKT-204309,The items don't match what was advertised!!!,product,low,2022-10-05
TKT-330777,Where is my order? It's been 2 weeks,shipping,high,2023-09-28
TKT-572109,How do I skip next month's box?!!!,product,low,2022-03-19
TKT-566058,"I'M ALLERGIC TO SOMETHING IN THE BOX, WHAT INGREDIENTS ARE USED?!!!",product,low,2022-03-30
TKT-604905,Do you have a referral program?!!!,other,high,2022-02-25
TKT-340700,Can I gift a subscription to someone?,other,low,2023-02-09
TKT-358231,Can I pause my subscription?,account,low,2023-10-24
TKT-694229,Why is shipping taking so long?,shipping,low,2023-03-24
TKT-645199,URGENT: How do I cancel my membership?,account,low,2023-04-14
TKT-322671,"PLEASE REFUND MY LAST PAYMENT, I MEANT TO CANCEL",billing,low,2023-10-19
TKT-816916,Where is my order? It's been 2 weeks,shipping,medium,2022-06-04
TKT-178400,I can't log into my account,account,medium,2023-03-16
TKT-812297,"URGENT: I'M ALLERGIC TO SOMETHING IN THE BOX, WHAT INGREDIENTS ARE USED?",product,low,2022-10-24
TKT-952232,What's coming in next month's box?,other,medium,2022-04-04
TKT-110722,DO YOU HAVE A REFERRAL PROGRAM?,other,medium,2023-06-01
TKT-860885,I forgot my username,account,low,2023-04-04
TKT-181082,How do I reset my password?,account,medium,2023-10-02
TKT-942819,Can I pause my subscription?,account,high,2022-08-30
TKT-945885,My package never arrived,shipping,medium,2023-10-31
TKT-585399,I forgot my username,account,low,2023-08-16
TKT-130304,How do I reset my password?,account,medium,2023-04-06
TKT-244768,MY BOX WAS DAMAGED WHEN IT ARRIVED,shipping,low,2023-07-05
TKT-103401,URGENT: CAN I SWITCH TO A CHEAPER PLAN?,billing,low,2023-09-18
TKT-735786,I can't log into my account,account,low,2022-11-21
TKT-713363,Can I customize what I receive?,product,medium,2022-08-10
TKT-430042,The tracking number doesn't work,shipping,low,2023-04-11
TKT-734474,I want to update my email address,account,low,2023-04-30
TKT-104004,Why did my price increase? I didn't authorize this,billing,low,2022-02-23
TKT-470665,URGENT: The product quality has really gone down!!!,product,medium,2022-03-16
TKT-786418,Why is shipping taking so long?,shipping,medium,2022-06-13
TKT-817769,The product quality has really gone down,product,medium,2022-10-13
TKT-508563,I want to update my email address,account,high,2023-08-12
TKT-297269,Can I pause my subscription?,account,medium,2022-08-06
TKT-899614,How do I cancel my membership?!!!,account,low,2022-04-23
TKT-444443,CAN I CUSTOMIZE WHAT I RECEIVE?!!!,product,medium,2023-03-18
TKT-194472,Can I change my shipping address?,shipping,medium,2022-09-30
TKT-421799,I can't log into my account,account,low,2022-12-31
TKT-252712,How do I cancel my membership?!!!,account,medium,2023-11-24
TKT-607974,Where is my order? It's been 2 weeks!!!,shipping,high,2023-11-18
TKT-165066,URGENT: I WAS CHARGED TWICE FOR MY SUBSCRIPTION THIS MONTH,billing,low,2023-09-04
TKT-521048,I forgot my username,account,high,2023-06-19
TKT-519802,Can I gift a subscription to someone?,other,low,2022-05-31
TKT-565676,Can I switch to a cheaper plan?,billing,medium,2022-09-22
TKT-425561,MY PACKAGE NEVER ARRIVED,shipping,medium,2022-09-10
TKT-558660,Can I pause my subscription?!!!,account,low,2023-03-26
TKT-444144,My package never arrived,shipping,medium,2023-07-14
TKT-972877,I want to dispute this charge,billing,medium,2022-01-15
TKT-278708,THERE'S AN UNKNOWN CHARGE ON MY ACCOUNT FROM STREAMCART,billing,low,2022-10-04
TKT-377610,Can I gift a subscription to someone?,other,low,2023-03-27
TKT-961181,I forgot my username,account,low,2022-01-03
TKT-743799,I was charged twice for my subscription this month,billing,high,2022-10-27
TKT-599512,URGENT: The items don't match what was advertised,product,medium,2022-02-10
TKT-951449,I WANT TO UPDATE MY EMAIL ADDRESS,account,low,2023-05-10
TKT-208015,Why did my price increase? I didn't authorize this,billing,low,2023-10-06
TKT-742360,Why did my price increase? I didn't authorize this,billing,low,2023-08-27
TKT-851668,How do I reset my password?,account,medium,2022-07-25
TKT-639109,The tracking number doesn't work,shipping,low,2023-02-03
TKT-484115,"Please refund my last payment, I meant to cancel",billing,low,2022-12-19
TKT-967430,"Please refund my last payment, I meant to cancel",billing,medium,2022-03-11
TKT-679886,I FORGOT MY USERNAME,account,medium,2023-06-06
TKT-704546,"I'm allergic to something in the box, what ingredients are used?",product,medium,2023-04-03
TKT-101772,Where is my order? It's been 2 weeks,shipping,low,2023-01-18
TKT-699873,Why did my price increase? I didn't authorize this,billing,low,2023-02-08
TKT-677930,MY BOX WAS DAMAGED WHEN IT ARRIVED,shipping,low,2023-08-17
TKT-205798,I can't log into my account!!!,account,low,2022-07-02
TKT-944786,I want to update my email address,account,low,2023-03-19
TKT-224246,URGENT: I WANT TO UPDATE MY EMAIL ADDRESS,account,high,2023-12-15
TKT-400249,The tracking number doesn't work!!!,shipping,low,2023-08-27
TKT-943754,Just wanted to say I love your service!,other,low,2022-05-23
TKT-637933,DO YOU HAVE A REFERRAL PROGRAM?,other,medium,2022-02-21
TKT-367724,URGENT: My account seems to be hacked,account,medium,2022-08-14
TKT-673907,I received the wrong items in my box,shipping,high,2023-11-16
TKT-509403,URGENT: When is my next billing date?!!!,billing,medium,2024-01-13
TKT-989681,I WAS CHARGED TWICE FOR MY SUBSCRIPTION THIS MONTH,billing,low,2022-06-12
TKT-558268,How do I reset my password?!!!,account,low,2023-04-26
TKT-711216,"URGENT: I'M ALLERGIC TO SOMETHING IN THE BOX, WHAT INGREDIENTS ARE USED?!!!",product,medium,2022-08-02
TKT-597651,I WANT TO UPDATE MY EMAIL ADDRESS!!!,account,high,2022-12-17
TKT-240769,Where is my order? It's been 2 weeks!!!,shipping,low,2023-05-24
TKT-407777,My package never arrived,shipping,medium,2022-05-01
TKT-855478,I FORGOT MY USERNAME,account,medium,2022-05-25
TKT-301982,I want to update my email address,account,low,2023-01-08
TKT-298191,I WANT TO DISPUTE THIS CHARGE,billing,low,2023-02-03
TKT-785813,WHEN IS MY NEXT BILLING DATE?,billing,medium,2023-05-11
TKT-281983,Where is my order? It's been 2 weeks!!!,shipping,low,2022-07-09
TKT-952989,Can I customize what I receive?!!!,product,medium,2022-03-16
TKT-650614,My package never arrived,shipping,medium,2022-06-08
TKT-233367,I CAN'T LOG INTO MY ACCOUNT,account,low,2022-09-13
TKT-443915,URGENT: Can I pause my subscription?,account,low,2022-01-05
TKT-230016,The product quality has really gone down!!!,product,low,2022-01-28
TKT-877941,Can I gift a subscription to someone?,other,medium,2023-07-20
TKT-364669,URGENT: How do I reset my password?,account,high,2022-12-16
TKT-291764,Can I customize what I receive?!!!,product,medium,2023-04-14
TKT-689250,CAN I CHANGE MY SHIPPING ADDRESS?,shipping,low,2023-11-07
TKT-453488,URGENT: My box was damaged when it arrived,shipping,medium,2023-06-03
TKT-480225,Just wanted to say I love your service!,other,low,2023-08-13
TKT-428711,The items don't match what was advertised,product,medium,2022-12-24
TKT-155627,How do I cancel my membership?,account,medium,2023-08-25
TKT-819817,"I'M ALLERGIC TO SOMETHING IN THE BOX, WHAT INGREDIENTS ARE USED?",product,medium,2022-04-28
TKT-869008,Do you have a referral program?,other,low,2023-01-12
TKT-105973,Do you ship internationally?,other,low,2022-08-28
TKT-448532,Can I pause my subscription?,account,high,2022-05-26
TKT-998582,How do I reset my password?!!!,account,medium,2023-12-24
TKT-251164,The tracking number doesn't work,shipping,low,2022-11-09
TKT-383117,CAN I GIFT A SUBSCRIPTION TO SOMEONE?,other,medium,2022-07-05
TKT-785891,WHY IS SHIPPING TAKING SO LONG?,shipping,high,2022-12-15
TKT-686576,HOW DO I CANCEL MY MEMBERSHIP?,account,medium,2023-02-02
TKT-795410,I can't log into my account,account,medium,2023-01-25
TKT-708094,WHERE IS MY ORDER? IT'S BEEN 2 WEEKS,shipping,medium,2022-01-21
TKT-965440,URGENT: The product quality has really gone down,product,low,2022-01-08
TKT-533225,"Please refund my last payment, I meant to cancel",billing,low,2023-08-18
TKT-904675,URGENT: Why is shipping taking so long?!!!,shipping,low,2023-07-07
TKT-575952,My account seems to be hacked,account,low,2024-01-12
TKT-898657,Can I pause my subscription?,account,medium,2022-01-01
TKT-523419,Do you have a referral program?,other,low,2022-12-08
TKT-389663,I want to update my email address,account,low,2023-05-18
TKT-208411,JUST WANTED TO SAY I LOVE YOUR SERVICE!!!!,other,medium,2023-07-05
TKT-820464,The product quality has really gone down,product,high,2022-08-06
TKT-430233,Can I switch to a cheaper plan?,billing,medium,2023-02-22
TKT-556041,The tracking number doesn't work,shipping,medium,2023-11-01
TKT-833804,URGENT: The product quality has really gone down,product,medium,2023-09-13
TKT-106474,MY PACKAGE NEVER ARRIVED,shipping,low,2022-02-17
TKT-908988,THERE'S AN UNKNOWN CHARGE ON MY ACCOUNT FROM STREAMCART!!!,billing,medium,2023-12-16
TKT-332992,Where is my order? It's been 2 weeks!!!,shipping,medium,2022-07-30
TKT-772528,When is my next billing date?,billing,low,2022-02-01
TKT-488610,CAN I CUSTOMIZE WHAT I RECEIVE?,product,low,2022-07-27
TKT-993211,URGENT: HOW DO I CANCEL MY MEMBERSHIP?,account,medium,2022-10-03
TKT-367914,URGENT: I WAS CHARGED TWICE FOR MY SUBSCRIPTION THIS MONTH,billing,high,2022-03-16
TKT-409174,How do I skip next month's box?,product,high,2022-09-09
TKT-458163,I keep getting duplicates of items I already have,product,low,2023-10-15
TKT-501456,Can I switch to a cheaper plan?,billing,medium,2023-02-20
TKT-861910,My box was damaged when it arrived,shipping,medium,2022-12-13
TKT-454492,How do I cancel my membership?,account,low,2023-11-01
TKT-785120,URGENT: I forgot my username,account,low,2022-07-13
TKT-625325,"I'm allergic to something in the box, what ingredients are used?",product,medium,2022-05-09
TKT-879454,I received the wrong items in my box,shipping,medium,2023-08-26
TKT-668842,HOW DO I SKIP NEXT MONTH'S BOX?!!!,product,medium,2023-06-12
TKT-532685,I WAS CHARGED TWICE FOR MY SUBSCRIPTION THIS MONTH,billing,low,2022-11-27
TKT-588320,JUST WANTED TO SAY I LOVE YOUR SERVICE!,other,medium,2023-03-21
TKT-654389,Where is my order? It's been 2 weeks,shipping,high,2023-07-03
TKT-635401,CAN I PAUSE MY SUBSCRIPTION?,account,low,2022-10-01
TKT-968534,THE ITEMS DON'T MATCH WHAT WAS ADVERTISED,product,high,2023-09-24
TKT-111039,Where is my order? It's been 2 weeks,shipping,medium,2023-11-27
TKT-666451,WHY IS SHIPPING TAKING SO LONG?,shipping,high,2023-09-09
TKT-448714,Where is my order? It's been 2 weeks,shipping,high,2023-03-31
TKT-278172,Why did my price increase? I didn't authorize this,billing,low,2024-01-08
TKT-450045,I want to dispute this charge,billing,low,2023-03-28
TKT-248354,I want to dispute this charge,billing,medium,2022-01-29
TKT-784738,How do I skip next month's box?!!!,product,low,2023-05-26
TKT-543079,I want to dispute this charge,billing,low,2022-02-14
TKT-215022,MY PACKAGE NEVER ARRIVED,shipping,medium,2023-03-13
TKT-773460,Where is my order? It's been 2 weeks,shipping,low,2022-02-15
TKT-777795,How do I skip next month's box?,product,medium,2022-01-26
TKT-616564,Can I gift a subscription to someone?,other,low,2023-05-26
TKT-885144,There's an unknown charge on my account from StreamCart!!!,billing,low,2022-10-06
TKT-891745,URGENT: How do I skip next month's box?,product,low,2023-01-22
TKT-322479,How do I reset my password?,account,medium,2022-04-12
TKT-235629,I keep getting duplicates of items I already have,product,medium,2022-10-12
TKT-375628,The tracking number doesn't work,shipping,low,2022-09-03
TKT-634112,Why did my price increase? I didn't authorize this,billing,medium,2022-09-11
TKT-866667,HOW DO I CANCEL MY MEMBERSHIP?,account,low,2023-04-01
TKT-559548,There's an unknown charge on my account from StreamCart,billing,low,2022-02-02
TKT-617644,THE ITEMS DON'T MATCH WHAT WAS ADVERTISED,product,medium,2022-02-22
TKT-102787,Where is my order? It's been 2 weeks,shipping,low,2022-10-12
TKT-591512,"URGENT: I'm allergic to something in the box, what ingredients are used?",product,high,2023-08-29
TKT-298013,How do I skip next month's box?,product,medium,2022-03-23
TKT-138486,How do I skip next month's box?,product,medium,2023-11-08
TKT-463847,CAN I GIFT A SUBSCRIPTION TO SOMEONE?,other,high,2023-05-15
TKT-142131,My account seems to be hacked,account,low,2022-11-13
TKT-901799,Can I gift a subscription to someone?,other,medium,2022-10-18
TKT-735801,THERE'S AN UNKNOWN CHARGE ON MY ACCOUNT FROM STREAMCART!!!,billing,low,2022-07-21
TKT-298802,I want to update my email address!!!,account,medium,2023-02-01
TKT-117488,CAN I CHANGE MY SHIPPING ADDRESS?,shipping,low,2023-07-28
TKT-849209,CAN I CHANGE MY SHIPPING ADDRESS?!!!,shipping,low,2023-03-25
TKT-141181,The tracking number doesn't work!!!,shipping,high,2022-03-26
TKT-255126,URGENT: How do I reset my password?!!!,account,medium,2023-11-08
TKT-886769,CAN I SWITCH TO A CHEAPER PLAN?,billing,high,2023-10-15
TKT-460779,DO YOU HAVE A REFERRAL PROGRAM?,other,medium,2023-01-26
TKT-732107,THERE'S AN UNKNOWN CHARGE ON MY ACCOUNT FROM STREAMCART!!!,billing,high,2022-09-02
TKT-341590,I want to update my email address,account,medium,2023-05-31
TKT-297439,WHY IS SHIPPING TAKING SO LONG?,shipping,low,2023-12-21
TKT-578069,The product quality has really gone down,product,medium,2023-04-15
TKT-215643,I can't log into my account,account,high,2023-03-24
TKT-468278,"I'm allergic to something in the box, what ingredients are used?",product,low,2022-07-10
TKT-203637,I RECEIVED THE WRONG ITEMS IN MY BOX,shipping,medium,2022-03-23
TKT-864377,THE ITEMS DON'T MATCH WHAT WAS ADVERTISED,product,low,2023-01-02
TKT-878692,"I'M ALLERGIC TO SOMETHING IN THE BOX, WHAT INGREDIENTS ARE USED?",product,low,2023-05-05
TKT-585505,MY PACKAGE NEVER ARRIVED,shipping,low,2023-12-26
TKT-518871,I WANT TO DISPUTE THIS CHARGE,billing,low,2023-05-17
TKT-841019,"Please refund my last payment, I meant to cancel",billing,low,2022-11-05
TKT-807782,CAN I SWITCH TO A CHEAPER PLAN?,billing,medium,2022-01-07
TKT-372376,I WANT TO UPDATE MY EMAIL ADDRESS!!!,account,medium,2022-11-29
TKT-487488,The items don't match what was advertised,product,low,2022-09-19
TKT-384610,Just wanted to say I love your service!!!!,other,medium,2023-01-19
TKT-520484,I want to update my email address,account,low,2023-05-29
TKT-238420,WHEN IS MY NEXT BILLING DATE?,billing,medium,2023-03-24
TKT-859975,I was charged twice for my subscription this month!!!,billing,low,2023-03-16
TKT-473941,I want to dispute this charge,billing,low,2022-05-05
TKT-192611,My box was damaged when it arrived,shipping,low,2023-06-21
TKT-747937,"Please refund my last payment, I meant to cancel",billing,low,2022-06-02
TKT-619906,CAN I GIFT A SUBSCRIPTION TO SOMEONE?!!!,other,medium,2022-10-25
TKT-638898,Where is my order? It's been 2 weeks,shipping,low,2023-07-07
TKT-399049,MY ACCOUNT SEEMS TO BE HACKED,account,medium,2024-01-12
TKT-541146,Can I customize what I receive?,product,high,2023-05-27
TKT-922124,Why did my price increase? I didn't authorize this,billing,high,2022-11-11
TKT-335257,I WANT TO DISPUTE THIS CHARGE!!!,billing,low,2022-03-10
TKT-623177,What's coming in next month's box?,other,low,2022-10-08
TKT-412091,How do I cancel my membership?,account,high,2022-06-24
TKT-528065,How do I skip next month's box?,product,medium,2023-05-16
TKT-230645,I forgot my username,account,low,2023-06-03
TKT-794342,I keep getting duplicates of items I already have,product,high,2023-01-06
TKT-465576,URGENT: The tracking number doesn't work,shipping,low,2022-08-28
TKT-188713,URGENT: Why did my price increase? I didn't authorize this,billing,medium,2023-10-05
TKT-946357,Where is my order? It's been 2 weeks,shipping,medium,2022-03-07
TKT-481696,I can't log into my account,account,medium,2022-09-14
TKT-649850,MY PACKAGE NEVER ARRIVED!!!,shipping,low,2022-04-22
TKT-557243,I want to dispute this charge,billing,high,2024-01-14
TKT-420705,"I'M ALLERGIC TO SOMETHING IN THE BOX, WHAT INGREDIENTS ARE USED?",product,low,2023-09-11
TKT-673448,"URGENT: I'm allergic to something in the box, what ingredients are used?",product,low,2023-05-31
TKT-794480,I want to update my email address,account,medium,2023-05-28
TKT-242028,I keep getting duplicates of items I already have,product,medium,2023-04-27
TKT-321732,The items don't match what was advertised,product,low,2022-06-27
TKT-553672,Do you have a referral program?,other,low,2023-03-05
TKT-377913,My account seems to be hacked,account,low,2022-08-01
TKT-649760,How do I cancel my membership?,account,medium,2023-12-27
TKT-340810,I WAS CHARGED TWICE FOR MY SUBSCRIPTION THIS MONTH,billing,low,2022-09-22
TKT-141880,I received the wrong items in my box,shipping,low,2023-12-04
TKT-945876,THE ITEMS DON'T MATCH WHAT WAS ADVERTISED,product,high,2023-08-09
TKT-782870,The product quality has really gone down!!!,product,low,2022-06-26
TKT-255452,Can I change my shipping address?,shipping,low,2022-03-26
TKT-919200,CAN I CUSTOMIZE WHAT I RECEIVE?,product,low,2023-10-11
TKT-228359,I received the wrong items in my box,shipping,high,2022-06-14
TKT-979369,Can I switch to a cheaper plan?,billing,low,2022-05-20
TKT-303905,URGENT: The tracking number doesn't work,shipping,low,2022-07-29
TKT-255610,"PLEASE REFUND MY LAST PAYMENT, I MEANT TO CANCEL",billing,medium,2024-01-01
TKT-304776,I want to update my email address,account,medium,2022-08-13
TKT-267439,I can't log into my account,account,low,2023-08-14
TKT-841672,My box was damaged when it arrived,shipping,low,2023-08-23
TKT-247202,When is my next billing date?,billing,medium,2023-06-21
TKT-868836,URGENT: I can't log into my account!!!,account,medium,2022-06-13
TKT-998445,How do I cancel my membership?,account,high,2022-05-06
TKT-244122,How do I cancel my membership?,account,low,2022-11-18
TKT-323019,My box was damaged when it arrived!!!,shipping,low,2023-07-31
TKT-462909,I keep getting duplicates of items I already have!!!,product,low,2022-01-25
TKT-102805,I received the wrong items in my box!!!,shipping,low,2022-01-15
TKT-711764,How do I reset my password?,account,low,2023-04-18
TKT-424928,DO YOU SHIP INTERNATIONALLY?,other,medium,2023-12-17
TKT-175514,I FORGOT MY USERNAME,account,low,2022-05-06
TKT-117395,Can I change my shipping address?,shipping,low,2022-08-05
TKT-107586,CAN I SWITCH TO A CHEAPER PLAN?,billing,low,2022-05-22
TKT-314801,I can't log into my account,account,low,2023-11-09
TKT-421230,There's an unknown charge on my account from StreamCart,billing,high,2023-12-14
TKT-649752,I was charged twice for my subscription this month,billing,low,2022-01-07
TKT-126571,I keep getting duplicates of items I already have,product,medium,2022-10-24
TKT-184586,Why did my price increase? I didn't authorize this,billing,low,2024-01-06
TKT-965267,"I'm allergic to something in the box, what ingredients are used?",product,medium,2022-10-07
TKT-247348,Where is my order? It's been 2 weeks,shipping,high,2023-06-08
TKT-248375,HOW DO I RESET MY PASSWORD?!!!,account,low,2022-09-22
TKT-223382,There's an unknown charge on my account from StreamCart,billing,low,2022-12-26
TKT-284825,The items don't match what was advertised,product,low,2023-03-06
TKT-204179,There's an unknown charge on my account from StreamCart,billing,medium,2023-04-10
TKT-344478,THERE'S AN UNKNOWN CHARGE ON MY ACCOUNT FROM STREAMCART,billing,low,2023-05-10
TKT-647367,MY BOX WAS DAMAGED WHEN IT ARRIVED,shipping,medium,2022-03-14
TKT-729367,CAN I CHANGE MY SHIPPING ADDRESS?,shipping,low,2023-01-08
TKT-160891,I can't log into my account,account,low,2023-11-14
TKT-169441,My box was damaged when it arrived!!!,shipping,low,2022-09-30
TKT-954805,Why did my price increase? I didn't authorize this!!!,billing,low,2022-04-24
TKT-120479,Can I pause my subscription?,account,high,2023-04-21
TKT-191426,The tracking number doesn't work,shipping,low,2023-10-28
TKT-832158,I WAS CHARGED TWICE FOR MY SUBSCRIPTION THIS MONTH,billing,high,2023-12-14
TKT-422392,I WANT TO UPDATE MY EMAIL ADDRESS,account,high,2023-01-24
TKT-337583,I KEEP GETTING DUPLICATES OF ITEMS I ALREADY HAVE,product,low,2023-02-04
TKT-953286,Why is shipping taking so long?,shipping,low,2022-01-08
TKT-144285,The product quality has really gone down,product,high,2022-10-31
TKT-557510,Can I change my shipping address?,shipping,high,2022-11-20
TKT-403464,How do I skip next month's box?!!!,product,medium,2023-03-04
TKT-973587,The product quality has really gone down!!!,product,low,2023-07-16
TKT-863724,I want to dispute this charge!!!,billing,low,2023-08-27
TKT-464577,CAN I SWITCH TO A CHEAPER PLAN?,billing,high,2022-08-25
TKT-612745,Why did my price increase? I didn't authorize this,billing,high,2023-08-14
TKT-538221,"Please refund my last payment, I meant to cancel",billing,medium,2022-03-28
TKT-481528,How do I skip next month's box?!!!,product,medium,2022-04-12
TKT-443613,"I'm allergic to something in the box, what ingredients are used?",product,medium,2023-02-16
TKT-951826,How do I reset my password?,account,medium,2023-12-04
TKT-719239,My package never arrived,shipping,medium,2022-11-14
TKT-172045,"Please refund my last payment, I meant to cancel",billing,low,2023-01-15
TKT-553919,I keep getting duplicates of items I already have!!!,product,medium,2023-03-27
TKT-519095,I WANT TO UPDATE MY EMAIL ADDRESS,account,high,2023-10-31
TKT-575609,URGENT: CAN I CHANGE MY SHIPPING ADDRESS?,shipping,high,2023-02-15
TKT-316755,Do you have a referral program?,other,low,2023-05-19
TKT-821721,The items don't match what was advertised,product,low,2023-11-15
TKT-563635,How do I reset my password?,account,high,2023-04-06
TKT-460733,Where is my order? It's been 2 weeks!!!,shipping,low,2023-02-14
TKT-605274,I WANT TO UPDATE MY EMAIL ADDRESS,account,medium,2023-01-17
TKT-183389,Can I switch to a cheaper plan?!!!,billing,low,2023-05-01
TKT-516483,I WANT TO UPDATE MY EMAIL ADDRESS,account,high,2024-01-07
TKT-125300,There's an unknown charge on my account from StreamCart,billing,high,2023-03-20
TKT-987911,URGENT: HOW DO I RESET MY PASSWORD?,account,high,2023-01-30
TKT-514080,URGENT: Can I gift a subscription to someone?,other,low,2023-02-15
TKT-906732,My account seems to be hacked,account,medium,2022-09-15
TKT-920642,DO YOU HAVE A REFERRAL PROGRAM?,other,medium,2023-05-08
TKT-421340,THE PRODUCT QUALITY HAS REALLY GONE DOWN,product,low,2023-02-08
TKT-966526,URGENT: HOW DO I CANCEL MY MEMBERSHIP?,account,low,2022-02-17
TKT-280243,"I'M ALLERGIC TO SOMETHING IN THE BOX, WHAT INGREDIENTS ARE USED?",product,low,2023-07-30
TKT-311099,The product quality has really gone down,product,medium,2022-12-28
TKT-837288,URGENT: My box was damaged when it arrived,shipping,low,2022-05-09
TKT-383015,URGENT: Can I gift a subscription to someone?!!!,other,high,2022-01-09
TKT-940598,I KEEP GETTING DUPLICATES OF ITEMS I ALREADY HAVE,product,low,2023-05-28
TKT-334555,I RECEIVED THE WRONG ITEMS IN MY BOX,shipping,medium,2023-11-19
TKT-147884,WHY DID MY PRICE INCREASE? I DIDN'T AUTHORIZE THIS!!!,billing,low,2022-12-17
TKT-768853,I KEEP GETTING DUPLICATES OF ITEMS I ALREADY HAVE,product,medium,2023-10-19
TKT-227486,Can I switch to a cheaper plan?,billing,medium,2022-05-24
TKT-258235,I want to update my email address,account,high,2023-08-24
TKT-163975,URGENT: Do you ship internationally?,other,low,2023-03-23
TKT-129341,URGENT: I forgot my username,account,low,2022-11-15
TKT-632428,I RECEIVED THE WRONG ITEMS IN MY BOX,shipping,low,2022-12-04
TKT-193214,I RECEIVED THE WRONG ITEMS IN MY BOX,shipping,low,2022-11-25
TKT-100664,I forgot my username,account,medium,2022-07-09
TKT-295787,I forgot my username!!!,account,low,2022-03-14
TKT-344034,I FORGOT MY USERNAME,account,low,2023-05-18
TKT-885556,My box was damaged when it arrived,shipping,low,2023-01-08
TKT-874279,I want to dispute this charge,billing,high,2022-03-05
TKT-796786,URGENT: MY ACCOUNT SEEMS TO BE HACKED,account,medium,2022-10-22
TKT-552272,Can I pause my subscription?!!!,account,low,2023-08-10
TKT-370161,I received the wrong items in my box,shipping,high,2023-10-01
TKT-316119,I KEEP GETTING DUPLICATES OF ITEMS I ALREADY HAVE,product,high,2023-07-05
TKT-894459,THE PRODUCT QUALITY HAS REALLY GONE DOWN,product,medium,2023-06-16
TKT-455035,When is my next billing date?,billing,low,2023-05-22
TKT-540236,URGENT: How do I reset my password?,account,high,2023-06-26
TKT-308313,How do I reset my password?!!!,account,medium,2022-05-18
TKT-241863,How do I skip next month's box?,product,low,2023-08-31
TKT-511278,WHY DID MY PRICE INCREASE? I DIDN'T AUTHORIZE THIS!!!,billing,low,2023-07-26
TKT-460920,MY ACCOUNT SEEMS TO BE HACKED,account,low,2023-05-29
TKT-970206,Can I pause my subscription?,account,medium,2023-05-15
TKT-330039,URGENT: I was charged twice for my subscription this month!!!,billing,low,2022-05-28
TKT-366756,My account seems to be hacked,account,low,2023-04-25
TKT-285285,THE ITEMS DON'T MATCH WHAT WAS ADVERTISED,product,medium,2023-01-05
TKT-250691,"URGENT: I'M ALLERGIC TO SOMETHING IN THE BOX, WHAT INGREDIENTS ARE USED?",product,low,2022-11-03
TKT-163734,My package never arrived!!!,shipping,high,2022-10-10
TKT-342403,CAN I CHANGE MY SHIPPING ADDRESS?!!!,shipping,low,2022-05-26
TKT-362549,URGENT: I want to update my email address,account,low,2022-06-20
TKT-700864,I want to dispute this charge,billing,medium,2022-01-06
TKT-140857,Why is shipping taking so long?,shipping,medium,2023-03-18
TKT-126581,My box was damaged when it arrived,shipping,low,2022-03-20
TKT-961797,Why did my price increase? I didn't authorize this!!!,billing,low,2023-12-05
TKT-221579,MY ACCOUNT SEEMS TO BE HACKED,account,low,2023-12-18
TKT-690852,I RECEIVED THE WRONG ITEMS IN MY BOX,shipping,low,2023-07-22
TKT-254485,Do you ship internationally?,other,low,2023-01-06
